trip_end_time,_c1
2018,13.300997347256736
2015,17.03333282470703
2017,13.970222561804936
2014,11.89449356495321
2016,13.896937301599989
2013,14.99286020366367
NULL,0.0
