trip_miles,total
1770.0,1
1568.199951171875,1
1567.199951171875,1
1310.0,1
1133.0,1
1126.5,1
1031.0,1
933.2999877929688,2
902.7999877929688,1
898.5,1
